Area;Generator;Type;Capacity;Zone;Node;Dispatchable;Cb_val;Efficiency;var O&M [Eur2015/MWh];Fuel;Fuel cost [Eur2012/GJ];Emission CO2 kg/GJ;EE;Electrical capacity;Fraction of category - for Poland coal and lignite is in the same category
DE4-S_A;GNR_CC_NGAS_BP_E-18;GBPR;0;2;2;1;1.2;0.33;0.7938;NATGAS;7.64658528;56.1;0.18;0;0
DE4-S_A;GNR_CC_NGAS_BP_E-53;GBPR;3951.878072;2;2;1;1.2;0.971666667;2.3373;NATGAS;7.64658528;56.1;0.53;2155.569858;0.108875789
DE4-S_A;GNR_ENG_BGAS_BP_E-45;GBPR;56.73723472;2;2;1;0.82;0.998780488;3.528;BIOGAS;12.71578864;0;0.45;25.56292993;0.00557101
DE4-S_A;GNR_ENG_NGAS_BP_E-46;GBPR;50.22930393;2;2;1;0.9;0.971111111;2.43432;NATGAS;7.64658528;56.1;0.46;23.79282818;0.001383837
DE4-S_A;GNR_GT_NGAS_BP_E-32;GBPR;121.400125;2;2;1;0.95;0.656842105;1.4112;NATGAS;7.64658528;56.1;0.32;59.14365062;0.003344621
DE4-S_A;GNR_GT_NGAS_BP_E-37;GBPR;69.50158887;2;2;1;0.95;0.759473684;1.6317;NATGAS;7.64658528;56.1;0.37;33.85974843;0.001914796
DE4-S_A;GNR_ST_BGAS_BP_E-38;GBPR;287.8823281;2;2;1;0.7;0.922857143;0.305368;BIOGAS;12.71578864;0;0.38;118.5397822;0.028267069
DE4-S_A;GNR_ST_COAL_BP_E-40;GBPR;0;2;2;1;0.75;0.933333333;0.784;COAL;2.572688462;94.6;0.4;0;0.008448115
DE4-S_A;GNR_ST_FUELOIL_BP_E-36;GBPR;592.5707318;2;2;1;0.7;0.874285714;0.289296;FUELOIL;8.763766511;74;0.36;243.9997131;0.11331207
DE4-S_A;GNR_ST_FUELOIL_BP_E-38;GBPR;0;2;2;1;0.7;0.922857143;0.305368;FUELOIL;8.763766511;74;0.38;0;0
DE4-S_A;GNR_ST_MSW_BP_E-33;GBPR;421;2;2;1;0.295760708;1.44576687;8.02032;MUNIWASTE;-3.259066353;35;0.33;0;0.220244806
DE4-S_A;GNR_ST_NGAS_BP_E-38;GBPR;1475.163453;2;2;1;0.7;0.922857143;0.305368;NATGAS;7.64658528;56.1;0.38;607.4202452;0.040641331
DE4-W_A;GNR_CC_COAL_BP_E-27;GBPR;0;2;3;1;1.2;0.861666667;3.472906404;COAL;2.572688462;94.6;0.47;0;0.004614355
DE4-W_A;GNR_CC_COAL_BP_E-46;GBPR;0;2;3;1;1.2;0.861666667;3.472906404;COAL;2.572688462;94.6;0.47;0;0.004664344
DE4-W_A;GNR_CC_FUELOIL_BP_E-38;GBPR;97.00602595;2;3;1;1.2;0.696666667;1.6758;FUELOIL;8.763766511;74;0.38;52.91237779;0.018549606
DE4-W_A;GNR_CC_NGAS_BP_E-39;GBPR;166.1664576;2;3;1;1.2;0.715;1.7199;NATGAS;7.64658528;56.1;0.39;90.63624958;0.004577951
DE4-W_A;GNR_CC_NGAS_BP_E-55;GBPR;7680.83514;2;3;1;1.2;1.008333333;2.4255;NATGAS;7.64658528;56.1;0.55;4189.54644;0.211610017
DE4-W_A;GNR_ENG_BGAS_BP_E-45;GBPR;8.913667351;2;3;1;0.82;0.998780488;3.528;BIOGAS;12.71578864;0;0.45;4.016047927;0.00087523
DE4-W_A;GNR_ENG_NGAS_BP_E-44;GBPR;0;2;3;1;0.9;0.928888889;2.32848;NATGAS;7.64658528;56.1;0.44;0;0
DE4-W_A;GNR_GT_NGAS_BP_E-31;GBPR;157.8201879;2;3;1;0.95;0.636315789;1.3671;NATGAS;7.64658528;56.1;0.31;76.88675819;0.004348008
DE4-W_A;GNR_GT_NGAS_BP_E-39;GBPR;193.0262208;2;3;1;0.95;0.800526316;1.7199;NATGAS;7.64658528;56.1;0.39;94.03841528;0.005317948
DE4-W_A;GNR_ST_BGAS_BP_E-38;GBPR;194.8037631;2;3;1;0.7;0.922857143;0.305368;BIOGAS;12.71578864;0;0.38;80.21331423;0.019127716
DE4-W_A;GNR_ST_COAL_BP_E-33;GBPR;0;2;3;1;0.75;0.77;0.6468;COAL;2.572688462;94.6;0.33;0;0.010628398
DE4-W_A;GNR_ST_COAL_BP_E-40;GBPR;0;2;3;1;0.75;0.933333333;0.784;COAL;2.572688462;94.6;0.4;0;0.020610787
DE4-W_A;GNR_ST_LIGN_BP_E-31;GBPR;0;2;3;1;0.75;0.723333333;0.6076;LIGNITE;0.883939334;111.1;0.31;0;0.001378059
DE4-W_A;GNR_ST_LIGN_BP_E-39;GBPR;0;2;3;1;0.75;0.91;0.7644;LIGNITE;0.883939334;111.1;0.39;0;0.017584037
DE4-W_A;GNR_ST_MSW_BP_E-33;GBPR;675;2;3;1;0.295760708;1.44576687;8.02032;MUNIWASTE;-3.259066353;35;0.33;0;0.353116444
DE4-W_A;GNR_ST_NGAS_BP_E-33;GBPR;262.2242932;2;3;1;0.7;0.801428571;0.265188;NATGAS;7.64658528;56.1;0.33;107.9747089;0.007224382
DE4-W_A;GNR_ST_NGAS_BP_E-38;GBPR;1278.191734;2;3;1;0.7;0.922857143;0.305368;NATGAS;7.64658528;56.1;0.38;526.3142436;0.035214683
DE4-E_A;GNR_CC_FUELOIL_BP_E-38;GBPR;0;2;4;1;1.2;0.696666667;1.6758;FUELOIL;8.763766511;74;0.38;0;0
DE4-E_A;GNR_CC_NGAS_BP_E-53;GBPR;408.3597107;2;4;1;1.2;0.971666667;2.3373;NATGAS;7.64658528;56.1;0.53;222.7416604;0.01125047
DE4-E_A;GNR_ENG_BGAS_BP_E-45;GBPR;2.861024157;2;4;1;0.82;0.998780488;3.528;BIOGAS;12.71578864;0;0.45;1.289032862;0.000280923
DE4-E_A;GNR_GT_NGAS_BP_E-38;GBPR;218.5202685;2;4;1;0.95;0.78;1.6758;NATGAS;7.64658528;56.1;0.38;106.4585923;0.006020319
DE4-E_A;GNR_ST_BGAS_BP_E-38;GBPR;146.3571363;2;4;1;0.7;0.922857143;0.305368;BIOGAS;12.71578864;0;0.38;60.26470318;0.014370758
DE4-E_A;GNR_ST_COAL_BP_E-40;GBPR;0;2;4;1;0.75;0.933333333;0.784;COAL;2.572688462;94.6;0.4;0;0.003422313
DE4-E_A;GNR_ST_FUELOIL_BP_E-36;GBPR;444.7938321;2;4;1;0.7;0.874285714;0.289296;FUELOIL;8.763766511;74;0.36;183.1504015;0.085053998
DE4-E_A;GNR_ST_FUELOIL_BP_E-38;GBPR;0;2;4;1;0.7;0.922857143;0.305368;FUELOIL;8.763766511;74;0.38;0;0
DE4-E_A;GNR_ST_LIGN_BP_E-28;GBPR;0;2;4;1;0.75;0.653333333;0.5488;LIGNITE;0.883939334;111.1;0.28;0;0.006364128
DE4-E_A;GNR_ST_LIGN_BP_E-39;GBPR;0;2;4;1;0.75;0.91;0.7644;LIGNITE;0.883939334;111.1;0.39;0;0.019553409
DE4-E_A;GNR_ST_MSW_BP_E-33;GBPR;435;2;4;1;0.295760708;1.44576687;8.02032;MUNIWASTE;-3.259066353;35;0.33;0;0.227814463
DE4-E_A;GNR_ST_NGAS_BP_E-31;GBPR;0;2;4;1;0.7;0.752857143;0.249116;NATGAS;7.64658528;56.1;0.31;0;0
DE4-E_A;GNR_ST_NGAS_BP_E-38;GBPR;799.723438;2;4;1;0.7;0.922857143;0.305368;NATGAS;7.64658528;56.1;0.38;329.2978862;0.022032694
DE4-N_A;GNR_CC_COAL_BP_E-49;GBPR;0;2;5;1;1.2;0.898333333;3.620689655;COAL;2.572688462;94.6;0.49;0;0.003422313
DE4-N_A;GNR_CC_FUELOIL_BP_E-38;GBPR;43.89413003;2;5;1;1.2;0.696666667;1.6758;FUELOIL;8.763766511;74;0.38;23.94225274;0.008393487
DE4-N_A;GNR_CC_NGAS_BP_E-59;GBPR;306.5353509;2;5;1;1.2;1.045;2.5137;NATGAS;7.64658528;56.1;0.57;167.2011005;0.008445169
DE4-N_A;GNR_ENG_BGAS_BP_E-45;GBPR;0.343213315;2;5;1;0.82;0.998780488;3.528;BIOGAS;12.71578864;0;0.45;0.154634571;3.37E-05
DE4-N_A;GNR_ST_BGAS_BP_E-38;GBPR;25.43130208;2;5;1;0.7;0.922857143;0.305368;BIOGAS;12.71578864;0;0.38;10.47171262;0.002497091
DE4-N_A;GNR_ST_COAL_BP_E-38;GBPR;0;2;5;1;0.75;0.886666667;0.7448;COAL;2.572688462;94.6;0.38;0;0
DE4-N_A;GNR_ST_FUELOIL_BP_E-34;GBPR;65.10962595;2;5;1;0.7;0.825714286;0.273224;FUELOIL;8.763766511;74;0.34;26.80984598;0.012450339
DE4-N_A;GNR_ST_FUELOIL_BP_E-38;GBPR;0;2;5;1;0.7;0.922857143;0.305368;FUELOIL;8.763766511;74;0.38;0;0
DE4-N_A;GNR_ST_MSW_BP_E-33;GBPR;26;2;5;1;0.295760708;1.44576687;8.02032;MUNIWASTE;-3.259066353;35;0.33;0;0.013689805
DE4-N_A;GNR_ST_NGAS_BP_E-38;GBPR;32.62628744;2;5;1;0.7;0.922857143;0.305368;NATGAS;7.64658528;56.1;0.38;13.43435365;0.000898867
DK1_Large;GNR_ENG_BGAS_BP_E-36;GBPR;2.164872987;3;6;1;0.82;0.79902439;2.8224;BIOGAS;12.71578864;0;0.36;0.975382335;0.002604652
DK1_Large;GNR_ENG_BGAS_BP_E-37;GBPR;0;3;6;1;0.82;0.821219512;2.9008;BIOGAS;12.71578864;0;0.37;0;0
DK1_Large;GNR_ENG_BGAS_BP_E-39;GBPR;6.975703049;3;6;1;0.82;0.865609756;3.0576;BIOGAS;12.71578864;0;0.39;3.142899176;0.008392769
DK1_Large;GNR_ENG_BGAS_BP_E-40;GBPR;0.954147515;3;6;1;0.82;0.887804878;3.136;BIOGAS;12.71578864;0;0.4;0.429890639;0.001147976
DK1_Large;GNR_ENG_BGAS_BP_E-41;GBPR;3.955571033;3;6;1;0.82;0.91;3.2144;BIOGAS;12.71578864;0;0.41;1.782180355;0.004759118
DK1_Large;GNR_ENG_BGAS_BP_E-42;GBPR;4.917736713;3;6;1;0.82;0.932195122;3.2928;BIOGAS;12.71578864;0;0.42;2.215683574;0.005916741
DK1_Large;GNR_ENG_BGAS_BP_E-43;GBPR;8.143665528;3;6;1;0.82;0.954390244;3.3712;BIOGAS;12.71578864;0;0.43;3.669124029;0.009797995
DK1_Large;GNR_ENG_LIGHTOIL_BP_E-37;GBPR;91.04868065;3;6;1;0.9;0.781111111;1.95804;LIGHTOIL;13.27018506;74;0.37;43.12832241;0.364547733
DK1_Large;GNR_ENG_NGAS_BP_E-34;GBPR;0;3;6;1;0.9;0.717777778;1.79928;NATGAS;7.64658528;56.1;0.34;0;0
DK1_Large;GNR_ENG_NGAS_BP_E-38;GBPR;10.76830398;3;6;1;0.9;0.802222222;2.01096;NATGAS;7.64658528;56.1;0.38;5.100775569;0.009898513
DK1_Large;GNR_ENG_NGAS_BP_E-39;GBPR;13.60748813;3;6;1;0.9;0.823333333;2.06388;NATGAS;7.64658528;56.1;0.39;6.445652271;0.012508367
DK1_Large;GNR_ENG_NGAS_BP_E-40;GBPR;0;3;6;1;0.9;0.844444444;2.1168;NATGAS;7.64658528;56.1;0.4;0;0
DK1_Large;GNR_ENG_NGAS_BP_E-41;GBPR;0;3;6;1;0.9;0.865555556;2.16972;NATGAS;7.64658528;56.1;0.41;0;0
DK1_Large;GNR_ENG_NGAS_BP_E-42;GBPR;8.311601086;3;6;1;0.9;0.886666667;2.22264;NATGAS;7.64658528;56.1;0.42;3.937074199;0.007640246
DK1_Large;GNR_ENG_NGAS_BP_E-43;GBPR;33.06251827;3;6;1;0.9;0.907777778;2.27556;NATGAS;7.64658528;56.1;0.43;15.66119286;0.030391951
DK1_Large;GNR_ENG_NGAS_BP_E-44;GBPR;0;3;6;1;0.9;0.928888889;2.32848;NATGAS;7.64658528;56.1;0.44;0;0
DK1_Large;GNR_ENG_NGAS_BP_E-46;GBPR;2.684720628;3;6;1;0.9;0.971111111;2.43432;NATGAS;7.64658528;56.1;0.46;1.271709771;0.002467867
DK1_Large;GNR_ST_MSW_BP_E-22;GBPR;211;3;6;1;0.295760708;0.96384458;5.34688;MUNIWASTE;-3.259066353;35;0.22;0;1
DK1_Large;GNR_ST_STRW_BP_E-26;GBPR;82.85317506;3;6;1;0.444656474;0.844721049;0.2548;STRAW;6.162678302;0;0.26;25.50170324;0.099684226
DK1_Large;GNR_ST_WOODCHI_BP_E-23;GBPR;20.04512262;3;6;1;0.34;0.906470588;0.85652;WOODCHIPS;6.2;0;0.23;5.08607589;0.024117151
DK1_Large;GNR_ST_WOODCHI_BP_E-30;GBPR;245.8868423;3;6;1;0.34;1.182352941;1.1172;WOODCHIPS;6.2;0;0.3;62.38919879;0.295837058
DK1_MedSmall;GNR_ENG_NGAS_BP_E-35;GBPR;0;3;6;1;0.9;0.738888889;1.8522;NATGAS;7.64658528;56.1;0.35;0;0
DK1_MedSmall;GNR_ENG_NGAS_BP_E-37;GBPR;0;3;6;1;0.9;0.781111111;1.95804;NATGAS;7.64658528;56.1;0.37;0;0
DK1_MedSmall;GNR_ENG_NGAS_BP_E-40;GBPR;0;3;6;1;0.9;0.844444444;2.1168;NATGAS;7.64658528;56.1;0.4;0;0
DK1_MedSmall;GNR_ENG_NGAS_BP_E-41;GBPR;11.10665249;3;6;1;0.9;0.865555556;2.16972;NATGAS;7.64658528;56.1;0.41;5.261045916;0.010209532
DK1_MedSmall;GNR_ENG_NGAS_BP_E-46;GBPR;0;3;6;1;0.9;0.971111111;2.43432;NATGAS;7.64658528;56.1;0.46;0;0
DK1_MedSmall;GNR_GT_NGAS_BP_E-31;GBPR;62.52089205;3;6;1;0.95;0.636315789;1.3671;NATGAS;7.64658528;56.1;0.31;30.45889613;0.057470876
DK1_MedSmall;GNR_ST_MSW_BP_E-20;GBPR;0;3;6;1;0.295760708;0.876222345;4.8608;MUNIWASTE;-3.259066353;35;0.2;0;0
DK1_MedSmall;GNR_ST_STRW_BP_E-21;GBPR;0;3;6;1;0.444656474;0.682274693;0.2058;STRAW;6.162678302;0;0.21;0;0
DK1_Medium;GNR_ENG_BGAS_BP_E-34;GBPR;1.710517226;3;6;1;0.82;0.754634146;2.6656;BIOGAS;12.71578864;0;0.34;0.770672596;0.002057997
DK1_Medium;GNR_ENG_BGAS_BP_E-35;GBPR;0;3;6;1;0.82;0.776829268;2.744;BIOGAS;12.71578864;0;0.35;0;0
DK1_Medium;GNR_ENG_BGAS_BP_E-37;GBPR;0;3;6;1;0.82;0.821219512;2.9008;BIOGAS;12.71578864;0;0.37;0;0
DK1_Medium;GNR_ENG_BGAS_BP_E-41;GBPR;7.911142066;3;6;1;0.82;0.91;3.2144;BIOGAS;12.71578864;0;0.41;3.564360711;0.009518236
DK1_Medium;GNR_ENG_NGAS_BP_E-34;GBPR;0;3;6;1;0.9;0.717777778;1.79928;NATGAS;7.64658528;56.1;0.34;0;0
DK1_Medium;GNR_ENG_NGAS_BP_E-36;GBPR;0;3;6;1;0.9;0.76;1.90512;NATGAS;7.64658528;56.1;0.36;0;0
DK1_Medium;GNR_ENG_NGAS_BP_E-40;GBPR;0;3;6;1;0.9;0.844444444;2.1168;NATGAS;7.64658528;56.1;0.4;0;0
DK1_Medium;GNR_ENG_NGAS_BP_E-41;GBPR;15.814108;3;6;1;0.9;0.865555556;2.16972;NATGAS;7.64658528;56.1;0.41;7.490893264;0.014536751
DK1_Medium;GNR_ENG_NGAS_BP_E-42;GBPR;22.80173651;3;6;1;0.9;0.886666667;2.22264;NATGAS;7.64658528;56.1;0.42;10.80082256;0.020959966
DK1_Medium;GNR_ENG_NGAS_BP_E-43;GBPR;5.222332829;3;6;1;0.9;0.907777778;2.27556;NATGAS;7.64658528;56.1;0.43;2.473736603;0.004800508
DK1_Medium;GNR_ENG_NGAS_BP_E-44;GBPR;17.2116337;3;6;1;0.9;0.928888889;2.32848;NATGAS;7.64658528;56.1;0.44;8.152879122;0.015821394
DK1_Medium;GNR_GT_NGAS_BP_E-31;GBPR;33.09929592;3;6;1;0.95;0.636315789;1.3671;NATGAS;7.64658528;56.1;0.31;16.12529801;0.030425758
DK1_Medium;GNR_GT_NGAS_BP_E-43;GBPR;0;3;6;1;0.95;0.882631579;1.8963;NATGAS;7.64658528;56.1;0.43;0;0
DK1_Medium;GNR_GT_NGAS_BP_E-44;GBPR;0;3;6;1;0.95;0.903157895;1.9404;NATGAS;7.64658528;56.1;0.44;0;0
DK1_Medium;GNR_GT_NGAS_BP_E-47;GBPR;0;3;6;1;0.95;0.964736842;2.0727;NATGAS;7.64658528;56.1;0.47;0;0
DK1_Medium;GNR_ST_MSW_BP_E-18;GBPR;0;3;6;1;0.295760708;0.788600111;4.37472;MUNIWASTE;-3.259066353;35;0.18;0;0
DK1_Medium;GNR_ST_MSW_BP_E-21;GBPR;0;3;6;1;0.295760708;0.920033463;5.10384;MUNIWASTE;-3.259066353;35;0.21;0;0
DK1_Medium;GNR_ST_MSW_BP_E-22;GBPR;0;3;6;1;0.295760708;0.96384458;5.34688;MUNIWASTE;-3.259066353;35;0.22;0;0
DK1_Medium;GNR_ST_WOODCHI_BP_E-27;GBPR;138.9795194;3;6;1;0.34;1.064117647;1.00548;WOODCHIPS;6.2;0;0.27;35.26346015;0.16721225
DK1_Medium;GNR_ST_WOODCHI_BP_E-30;GBPR;241.6105496;3;6;1;0.34;1.182352941;1.1172;WOODCHIPS;6.2;0;0.3;61.30416931;0.290692066
DK1_Rural;GNR_ENG_BGAS_BP_E-30;GBPR;16.03609827;3;6;1;0.82;0.665853659;2.352;BIOGAS;12.71578864;0;0.3;7.225055262;0.019293721
DK1_Rural;GNR_ENG_BGAS_BP_E-34;GBPR;2.76088189;3;6;1;0.82;0.754634146;2.6656;BIOGAS;12.71578864;0;0.34;1.243913819;0.003321736
DK1_Rural;GNR_ENG_BGAS_BP_E-35;GBPR;0;3;6;1;0.82;0.776829268;2.744;BIOGAS;12.71578864;0;0.35;0;0
DK1_Rural;GNR_ENG_BGAS_BP_E-37;GBPR;1.697153894;3;6;1;0.82;0.821219512;2.9008;BIOGAS;12.71578864;0;0.37;0.764651755;0.002041919
DK1_Rural;GNR_ENG_BGAS_BP_E-39;GBPR;1.6570639;3;6;1;0.82;0.865609756;3.0576;BIOGAS;12.71578864;0;0.39;0.74658923;0.001993685
DK1_Rural;GNR_ENG_BGAS_BP_E-40;GBPR;5.612634102;3;6;1;0.82;0.887804878;3.136;BIOGAS;12.71578864;0;0.4;2.528769211;0.006752802
DK1_Rural;GNR_ENG_BGAS_BP_E-41;GBPR;3.153766161;3;6;1;0.82;0.91;3.2144;BIOGAS;12.71578864;0;0.41;1.420927611;0.003794432
DK1_Rural;GNR_ENG_BGAS_BP_E-42;GBPR;17.85352297;3;6;1;0.82;0.932195122;3.2928;BIOGAS;12.71578864;0;0.42;8.043894966;0.021480343
DK1_Rural;GNR_ENG_BGAS_BP_E-43;GBPR;8.124956199;3;6;1;0.82;0.954390244;3.3712;BIOGAS;12.71578864;0;0.43;3.660694551;0.009775485
DK1_Rural;GNR_ENG_LIGHTOIL_BP_E-35;GBPR;7.22698895;3;6;1;0.9;0.738888889;1.8522;LIGHTOIL;13.27018506;74;0.35;3.423310555;0.028935976
DK1_Rural;GNR_ENG_LIGHTOIL_BP_E-37;GBPR;45.5243402;3;6;1;0.9;0.781111111;1.95804;LIGHTOIL;13.27018506;74;0.37;21.56416115;0.182273866
DK1_Rural;GNR_ENG_NGAS_BP_E-33;GBPR;0;3;6;1;0.9;0.696666667;1.74636;NATGAS;7.64658528;56.1;0.33;0;0
DK1_Rural;GNR_ENG_NGAS_BP_E-34;GBPR;6.141757776;3;6;1;0.9;0.717777778;1.79928;NATGAS;7.64658528;56.1;0.34;2.909253683;0.005645668
DK1_Rural;GNR_ENG_NGAS_BP_E-36;GBPR;11.10665249;3;6;1;0.9;0.76;1.90512;NATGAS;7.64658528;56.1;0.36;5.261045916;0.010209532
DK1_Rural;GNR_ENG_NGAS_BP_E-37;GBPR;34.46004397;3;6;1;0.9;0.781111111;1.95804;NATGAS;7.64658528;56.1;0.37;16.32317872;0.031676594
DK1_Rural;GNR_ENG_NGAS_BP_E-38;GBPR;18.02072787;3;6;1;0.9;0.802222222;2.01096;NATGAS;7.64658528;56.1;0.38;8.536134256;0.016565135
DK1_Rural;GNR_ENG_NGAS_BP_E-39;GBPR;0;3;6;1;0.9;0.823333333;2.06388;NATGAS;7.64658528;56.1;0.39;0;0
DK1_Rural;GNR_ENG_NGAS_BP_E-40;GBPR;32.36375596;3;6;1;0.9;0.844444444;2.1168;NATGAS;7.64658528;56.1;0.4;15.33020019;0.02974963
DK1_Rural;GNR_ENG_NGAS_BP_E-41;GBPR;114.1557932;3;6;1;0.9;0.865555556;2.16972;NATGAS;7.64658528;56.1;0.41;54.07379676;0.104935058
DK1_Rural;GNR_ENG_NGAS_BP_E-42;GBPR;168.2253319;3;6;1;0.9;0.886666667;2.22264;NATGAS;7.64658528;56.1;0.42;79.68568352;0.154637224
DK1_Rural;GNR_ENG_NGAS_BP_E-43;GBPR;91.87628906;3;6;1;0.9;0.907777778;2.27556;NATGAS;7.64658528;56.1;0.43;43.52034745;0.084455142
DK1_Rural;GNR_ENG_NGAS_BP_E-44;GBPR;143.3935043;3;6;1;0.9;0.928888889;2.32848;NATGAS;7.64658528;56.1;0.44;67.92323888;0.131811144
DK1_Rural;GNR_ENG_NGAS_BP_E-45;GBPR;18.75626783;3;6;1;0.9;0.95;2.3814;NATGAS;7.64658528;56.1;0.45;8.88454792;0.017241263
DK1_Rural;GNR_ENG_NGAS_BP_E-46;GBPR;22.32363576;3;6;1;0.9;0.971111111;2.43432;NATGAS;7.64658528;56.1;0.46;10.57435378;0.020520483
DK1_Rural;GNR_ENG_NGAS_BP_E-47;GBPR;0;3;6;1;0.9;0.992222222;2.48724;NATGAS;7.64658528;56.1;0.47;0;0
DK1_Rural;GNR_GT_NGAS_BP_E-28;GBPR;13.4603797;3;6;1;0.95;0.574736842;1.2348;NATGAS;7.64658528;56.1;0.28;6.55762088;0.012373141
DK1_Rural;GNR_GT_NGAS_BP_E-30;GBPR;23.16950649;3;6;1;0.95;0.615789474;1.323;NATGAS;7.64658528;56.1;0.3;11.28770829;0.02129803
DK1_Rural;GNR_GT_NGAS_BP_E-41;GBPR;0;3;6;1;0.95;0.841578947;1.8081;NATGAS;7.64658528;56.1;0.41;0;0
DK1_Rural;GNR_ST_STRW_BP_E-26;GBPR;6.147170683;3;6;1;0.444656474;0.844721049;0.2548;STRAW;6.162678302;0;0.26;1.892061739;0.007395926
DK1_Rural;GNR_ST_WOODCHI_BP_E-17;GBPR;2.004512179;3;6;1;0.34;0.67;0.63308;WOODCHIPS;6.2;0;0.17;0.508607568;0.002411715
DK1_Rural;GNR_ST_WOODCHI_BP_E-27;GBPR;0;3;6;1;0.34;1.064117647;1.00548;WOODCHIPS;6.2;0;0.27;0;0
DK1_Small;GNR_ENG_NGAS_BP_E-38;GBPR;4.155800543;3;6;1;0.9;0.802222222;2.01096;NATGAS;7.64658528;56.1;0.38;1.968537099;0.003820123
DK1_Small;GNR_ENG_NGAS_BP_E-39;GBPR;0;3;6;1;0.9;0.823333333;2.06388;NATGAS;7.64658528;56.1;0.39;0;0
DK1_Small;GNR_ENG_NGAS_BP_E-41;GBPR;0;3;6;1;0.9;0.865555556;2.16972;NATGAS;7.64658528;56.1;0.41;0;0
DK1_Small;GNR_ENG_NGAS_BP_E-42;GBPR;0;3;6;1;0.9;0.886666667;2.22264;NATGAS;7.64658528;56.1;0.42;0;0
DK1_Small;GNR_ST_MSW_BP_E-20;GBPR;0;3;6;1;0.295760708;0.876222345;4.8608;MUNIWASTE;-3.259066353;35;0.2;0;0
DK1_Small;GNR_ST_WOODCHI_BP_E-15;GBPR;0;3;6;1;0.34;0.591176471;0.5586;WOODCHIPS;6.2;0;0.15;0;0
PL_A;BIAL-1_ST_STRAW_BP;GBPR;19.51218256;6;9;1;0.4;0.91;0.2548;STRAW;6.162678302;0;0.26;5.574909302;0.024653313
PL_A;BIEL-4_ST_COAL_BP;GBPR;27.81679642;6;9;1;0.45;0.902222222;0.5488;COAL;2.572688462;94.6;0.28;8.632798889;0.001460736
PL_A;CHOR2-1_ST_COAL_BP;GBPR;157.628513;6;9;1;0.6;0.906666667;0.6664;COAL;2.572688462;94.6;0.34;59.11069238;0.008277504
PL_A;GDAN2-1_ST_COAL_BP;GBPR;427.1037283;6;9;1;0.45;0.902222222;0.5488;COAL;2.572688462;94.6;0.28;132.5494329;0.022428385
PL_A;GNR_ST_COAL_BP_E-15;GBPR;394.0712826;6;9;1;0.2;0.9;0.294;COAL;2.572688462;94.6;0.15;65.67854711;0.020693761
PL_A;GNR_ST_FUELOIL_BP_E-15;GBPR;503.3582536;6;9;1;0.2;0.9;0.12054;FUELOIL;8.763766511;74;0.15;83.89304226;1
PL_A;GNR_ST_STRAW_BP_E-15;GBPR;12.49999223;6;9;1;0.2;0.9;0.147;STRAW;6.162678302;0;0.15;2.083332039;0.015793529
PL_A;GNR_ST_WOODWST_BP_E-53;GBPR;38.10973159;6;9;1;0.13;1.06;0.208595787;WOODWASTE;0.650553327;0;0.121946903;4.384305405;0.048151002
PL_A;GORZ-4_ST_NGAS_BP;GBPR;75.35774864;6;9;1;0.5;0.9;0.459;NATGAS;7.64658528;56.1;0.3;25.11924955;0.016866688
PL_A;JAWO2-1_ST_COAL_BP;GBPR;1258.130522;6;9;1;0.5;0.9;0.588;COAL;2.572688462;94.6;0.3;419.3768406;0.066067874
PL_A;KARO-2_ST_COAL_BP;GBPR;114.7442853;6;9;1;0.5;0.9;0.588;COAL;2.572688462;94.6;0.3;38.24809509;0.006025536
PL_A;KATO_ST_COAL_BP;GBPR;71.28054082;6;9;1;0.7;0.898571429;0.7252;COAL;2.572688462;94.6;0.37;29.35081093;0.003743136
PL_A;KRLEG-1_ST_COAL_BP;GBPR;124.5960673;6;9;1;0.6;0.906666667;0.6664;COAL;2.572688462;94.6;0.34;46.72352524;0.00654288
PL_A;NOWA-1_ST_NGAS_BP;GBPR;184.0468143;6;9;1;1;0.9;0.6885;NATGAS;7.64658528;56.1;0.45;92.02340716;0.041193643
PL_A;RZES-2_ST_NGAS_BP;GBPR;46.37399779;6;9;1;1;0.9;0.6885;NATGAS;7.64658528;56.1;0.45;23.18699889;0.0103795
PL_A;SIEK-1_ST_COAL_BP;GBPR;180.8091768;6;9;1;0.45;0.902222222;0.5488;COAL;2.572688462;94.6;0.28;56.11319278;0.009494784
PL_A;SIER-1_ST_COAL_BP;GBPR;361.0388369;6;9;1;1;1;0.98;COAL;2.572688462;94.6;0.5;180.5194184;0.018959137
PL_A;SKAW-1_ST_COAL_BP;GBPR;450.2843921;6;9;1;0.7;0.607142857;0.49;COAL;2.572688462;94.6;0.25;185.4112203;0.023645665
PL_A;TYCH_ST_COAL_BP;GBPR;20.86259732;6;9;1;0.5;0.9;0.588;COAL;2.572688462;94.6;0.3;6.954199106;0.001095552
PL_A;ZABR-3_ST_COAL_BP;GBPR;5.795165921;6;9;1;0.26;0.920769231;0.3724;COAL;2.572688462;94.6;0.19;1.195827888;0.00030432
PL_A;ZIEL-1_ST_NGAS_BP;GBPR;14.49187543;6;9;1;1;0.9;0.6885;NATGAS;7.64658528;56.1;0.45;7.245937713;0.003243594
PL_A;ZIEL-2_ST_COAL_BP;GBPR;6.374682513;6;9;1;1;1;0.98;COAL;2.572688462;94.6;0.5;3.187341256;0.000334752
PL_A;ZIEL-3_ST_NGAS_BP;GBPR;173.9025006;6;9;1;1;0.9;0.6885;NATGAS;7.64658528;56.1;0.45;86.95125032;0.038923127
PL_A;ZIEL-4_ST_COAL_BP;GBPR;34.77099553;6;9;1;1;1;0.98;COAL;2.572688462;94.6;0.5;17.38549776;0.00182592
PL_A;GNR_ST_MSW_BP_E-15;GBPR;0;6;9;1;0.2;0.9;3.6456;MUNIWASTE;-3.259066353;35;0.15;0;1
PL_A;GNR_ST_NGAS_BP_E-15;GBPR;205.784623;6;9;1;0.2;0.9;0.2295;NATGAS;7.64658528;56.1;0.15;34.29743717;0.046059033
PL_Rural;SZCZ-1_ST_COAL_BP;GBPR;31.87341257;6;9;1;0.45;0.902222222;0.5488;COAL;2.572688462;94.6;0.28;9.891748728;0.00167376
PL_Rural;TURO-1_ST_COAL_BP;GBPR;789.3015983;6;9;1;2;0.3;0.392;COAL;2.572688462;94.6;0.2;526.2010655;0.041448385
